{"m_buildTarget":"StandaloneWindows","m_SettingsHash":"","m_CatalogLocations":[{"m_Keys":["AddressablesMainContentCatalog"],"m_InternalId":"file://{UnityEngine.Application.dataPath}/../Library/com.unity.addressables/catalog_BuildScriptFastMode.json","m_Provider":"UnityEngine.AddressableAssets.ResourceProviders.ContentCatalogProvider","m_Dependencies":[],"m_ResourceType":{"m_AssemblyName":"Unity.Addressables, Version=0.0.0.0, Culture=neutral, PublicKeyToken=null","m_ClassName":"UnityEngine.AddressableAssets.ResourceLocators.ContentCatalogData"}}],"m_ProfileEvents":false,"m_LogResourceManagerExceptions":true,"m_ExtraInitializationData":[],"m_DisableCatalogUpdateOnStart":false,"m_IsLocalCatalogInBundle":false,"m_CertificateHandlerType":{"m_AssemblyName":"","m_ClassName":""}}